student,hi i am a student from this faculty
student,student
student,yes I am a student who studying in this faculty
student,yes i am artificial intelligence department student
student,i am a student
student,UM student
student,university malaya student
student,a student
student,is a student
student,yes i am a student
student,yes i am UM student
student,i am UM student
student,yes i am university malaya student
student,i am university malaya student
student,artificial intelligence department student
student,artificial intelligence student
student,AI department student
student,AI student
student,yes i am artificial intelligence student
student,software engeneering department student
student,software engeneering student
student,SE department student 
student,SE student
student,yes i am software engineering department student
student,yes i am software engineering student
student,yes i am SE department student
student,yes i am SE student
student,multimedia department student
student,multimedia student
student,MM department student
student,MM student
student,yes i am multimedia department student
student,yes i am multimedia student
student,yes i am MM department student
student,yes i am MM student
student,information system department student
student,information system student
student,IS department student
student,IS student
student,yes i am information system department student
student,yes i am information system student
student,yes i am IS department student
student,yes i am IS student
student,computer system and network department student
student,computer system and network student
student,CSN department student
student,CSN student
student,yes i am computer system and network department student
student,yes i am computer system and network student
student,yes i am CSN department student
student,yes i am CSN student
student,data science department student
student,data science student
student,DS department student 
student,DS student
student,yes i am data science department student
student,yes i am data science student
student,yes i am DS department student
student,yes i am DS student
student,I am studying in this faculty
student,I am studying in this university
student,I study in this faculty
student,I am currently enrolled as a student at this university.
student,I am pursuing my education as a student at this institution.
student,I am a full-time student at this university.
student,I am studying at the undergraduate level at this university.
student,"I am a learner, currently attending classes at this university."
student,"I am a pupil, working towards a degree at this university."
student,"I am a scholar, engaged in formal education at this university."
student,I am a student of history at this university.
student,I am a student of mathematics at this university.
student,I am a student of literature at this university.
student,I am a student of science at this university.
student,I am a student of engineering at this university.
student,I am a student of medicine at this university.
student,I am a student of law at this university.
student,I am a student of business at this university.
student,I am a student of economics at this university.
student,I am a student of psychology at this university.
student,I am a student of sociology at this university.
student,I am a student of political science at this university.
student,I am a student of philosophy at this university.
student,I am a student of theology at this university.
student,I am a student of art at this university.
student,I am a student of music at this university.
student,I am a student of dance at this university.
student,I am a student of theater at this university.
student,I am a student of film at this university.
student,I am a student of photography at this university.
student,I am a student of communication at this university.
student,I am a student of computer science at this university.
student,I am a student of information technology at this university.
student,I am a student of environmental science at this university.
student,I am a student of linguistics at this university.
student,I am a student of anthropology at this university.
student,I am a student of archaeology at this university.
student,I am a student of biology at this university.
student,I am a student of chemistry at this university.
student,I am a student of physics at this university.
student,I am a student of geology at this university.
student,I am a student of geography at this university.
student,I am a student of education at this university.
student,I am a student of nursing at this university.
student,I am a student of design at this university.
student,I am a student of fashion at this university.
student,I am a student of architecture at this university.
student,I am a student of urban planning at this university.
student,I am a student of culinary arts at this university.
student,I am a student of hospitality management at this university.
student,I am a student of tourism management at this university.
student,I am a student of sports management at this university.
student,I am a student of exercise science at this university.
student,hi yes I am a student
student,I am pursuing my undergraduate degree as a student here.
student,I am a graduate student at this university.
student,I am a student in the computer science department.
student,"I am a student, currently in my second year."
student,"I am a student at this university, majoring in biology."
student,"I am a student, working towards my masters degree."
student,"I am currently a student at this university, studying business."
student,"I am a student, taking classes in the engineering department."
student,"I am a student, enrolled in the physics program."
student,I am a student majoring in economics.
student,"I am currently a student at this university, studying psychology."
student,"I am a student, working on my PhD in mathematics."
student,I am a student in the nursing program.
student,"I am a student, studying education at this university."
student,"I am a student, currently in my senior year."
student,I am a student majoring in history.
student,"I am a student, enrolled in the literature program."
student,"I am a student, currently taking classes in the sociology department."
student,"I am a student, majoring in philosophy."
student,"I am a student at this university, studying political science."
student,"I am a student, enrolled in the computer engineering program."
student,"I am currently a student at this university, studying chemistry."
student,"I am a student, majoring in music."
student,"I am a student, enrolled in the art history program."
student,"I am a student, currently taking classes in the theatre department."
student,I am a student majoring in environmental science.
student,"I am a student, studying anthropology at this university."
student,"I am a student, currently in my junior year."
student,I am a student majoring in communications.
student,"I am a student, enrolled in the marketing program."
student,"I am a student, currently taking classes in the advertising department."
student,"I am a student, majoring in international studies."
student,"I am a student at this university, studying gender studies."
student,"I am a student, enrolled in the journalism program."
student,"I am currently a student at this university, studying criminology."
student,"I am a student, majoring in urban planning."
student,"I am a student, enrolled in the geography program."
student,"I am a student, currently taking classes in the architecture department."
student,I am a student majoring in linguistics.
student,"I am a student, studying archaeology at this university."
student,"I am a student, currently in my sophomore year."
student,I am a student majoring in anthropology.
student,"I am a student, enrolled in the physics program."
student,"I am a student, currently taking classes in the philosophy department."
student,"I am a student, majoring in computer science."
student,"I am a student at this university, studying electrical engineering."
student,"I am a student, enrolled in the mechanical engineering"
student,I am currently studying here as an exchange student.
student,I am here on a study abroad program at this university.
student,I am a visiting student from another institution studying here.
student,I am a guest student at this university.
student,I am here to take classes and gain credit at this university.
student,I am a foreign student studying here as an exchange student.
student,I am here to experience a different educational system at this university.
student,I am here to immerse myself in a new culture at this university.
student,I am here to improve my language skills at this university.
student,I am here to expand my academic horizons at this university.
student,I am here to make international connections at this university.
student,I am here to gain a different perspective on my field of study at this university.
student,I am here to take advantage of the unique opportunities offered at this university.
student,I am here to gain a global perspective on my education at this university.
student,I am here to learn from the distinguished faculty at this university.
student,I am here to gain a diverse range of experiences at this university.
student,I am here to make the most of my time abroad at this university.
student,I am here to gain a unique educational experience at this university.
student,I am here to broaden my intellectual horizons at this university.
student,I am here to gain a deeper understanding of my field of study at this university.
student,I am currently studying here as a foreign student.
student,I am an international student at this university.
student,I am a student from another country studying here.
student,I am a non-native student at this university.
student,I am here to take classes and earn a degree at this university.
student,I am a student from abroad studying here.
student,I am here to experience a different culture while studying at this university.
student,I am here to improve my language skills while studying at this university.
student,I am here to expand my academic horizons while studying at this university.
student,I am here to make international connections while studying at this university.
student,I am here to gain a different perspective on my field of study while studying at this university.
student,I am here to take advantage of the unique opportunities offered at this university.
student,I am here to gain a global perspective on my education while studying at this university.
student,I am here to learn from the distinguished faculty at this university.
student,I am here to gain a diverse range of experiences while studying at this university.
student,I am here to make the most of my time abroad while studying at this university.
student,I am here to gain a unique educational experience while studying at this university.
student,I am here to broaden my intellectual horizons while studying at this university.
student,I am here to gain a deeper understanding of my field of study while studying at this university.
student,"I am a student from another country, I have been studying in this university for a while."
staff,yes I am staff at this university
staff,yes I am lecturer from this university
staff,yes I am working at this university
staff,yes I am working at this faculty
staff,staff
staff,yes I work here
staff,i am a staff
staff,i am an officer at this faculty
staff,yes I am a lecturer from this faculty
staff,i am a UM staff
staff,yes I am a staff from this faculty
staff,I am a staff from this univesity
staff,I am a staff from univesity malaya
staff,i am a lecturer from AI department
staff,i am a lecturer from artificial intelligence department
staff,i am a lecturer from SE department
staff,i am a lecturer from software engineering department
staff,i am a lecturer from MM department
staff,i am a lecturer from multimedia department
staff,i am a lecturer from IS department
staff,i am a lecturer from information system department
staff,i am a lecturer from CSN department
staff,i am a lecturer from computer system and network department
staff,i am a lecturer from DS department
staff,i am a lecturer from data science department
staff,I am a member of the staff at this university.
staff,I am an employee of this institution.
staff,I am a faculty member at this university.
staff,I am a lecturer at this university.
staff,I am a professor at this university.
staff,I am a researcher at this university.
staff,I am a scientist at this university.
staff,I am a teacher at this university.
staff,I am a mentor at this university.
staff,I am an advisor at this university.
staff,I am a coordinator at this university.
staff,I am a manager at this university.
staff,I am a administrator at this university.
staff,I am a director at this university.
staff,I am a supervisor at this university.
staff,I am a librarian at this university.
staff,I am a counselor at this university.
staff,I am a tutor at this university.
staff,I am a instructor at this university.
staff,I am a coach at this university.
staff,I am a trainer at this university.
staff,I am a consultant at this university.
staff,I am a specialist at this university.
staff,I am a technician at this university.
staff,I am a support staff at this university.
staff,I am a maintenance staff at this university.
staff,I am a security staff at this university.
staff,I am a front desk staff at this university.
staff,I am a admissions staff at this university.
staff,I am a financial aid staff at this university.
staff,I am a human resources staff at this university.
staff,I am a IT staff at this university.
staff,I am a marketing staff at this university.
staff,I am a communications staff at this university.
staff,I am a development staff at this university.
staff,I am a alumni staff at this university.
staff,I am a fundraising staff at this university.
staff,I am a event staff at this university.
staff,I am a facilities staff at this university.
staff,I am a custodial staff at this university.
staff,I am a Food Service staff at this university.
staff,I am a housing staff at this university.
staff,I am a transportation staff at this university.
staff,I am a library staff at this university.
staff,I am a athletic staff at this university.
staff,I am a recreation staff at this university.
staff,I am a health services staff at this university.
staff,I am a safety staff at this university.
staff,I am a security staff at this university.
staff,I am an administrative staff at this university.
staff,"yes, I am a computer science lecturer in this university"
staff,I am a staff member at this university.
staff,"Yes, I work as a staff member at the university."
staff,I am employed as a staff member at this university.
staff,I am a member of the staff at this university.
staff,I am a staff member in the computer science department.
staff,"I am a staff member, working as an administrator."
staff,"I am a staff member at this university, working as a librarian."
staff,"I am a staff member, working as an IT professional."
staff,"I am a staff member, working in the human resources department."
staff,"I am currently a staff member at this university, working in the finance department."
staff,"I am a staff member, working as an assistant professor."
staff,"I am a staff member, working as a counselor."
staff,"I am a staff member, working in the admissions department."
staff,"I am currently a staff member at this university, working in the registrar's office."
staff,"I am a staff member, working as a research assistant."
staff,"I am a staff member, working as a lab technician."
staff,"I am a staff member, working in the library."
staff,"I am a staff member, working as a facilities manager."
staff,"I am a staff member, working in the athletics department."
staff,"I am a staff member, working as a marketing coordinator."
staff,"I am a staff member, working in the development office."
staff,"I am a staff member, working as a communications specialist."
staff,"I am a staff member at this university, working in the public relations department."
staff,"I am a staff member, working as a web developer."
staff,"I am currently a staff member at this university, working in the IT department."
staff,"I am a staff member, working as an event planner."
staff,"I am a staff member, working in the alumni relations office."
staff,"I am a staff member, working as a graphic designer."
staff,"I am a staff member, working in the student affairs department."
staff,"I am a staff member, working as an academic advisor."
staff,"I am a staff member, working in the career services office."
staff,"I am a staff member, working as a program coordinator."
staff,"I am a staff member, working in the fundraising department."
staff,"I am a staff member, working as a security officer."
staff,"I am a staff member at this university, working in the housing department."
staff,"I am a staff member, working as a custodian."
staff,"I am a staff member, working in the bookstore."
staff,"I am currently a staff member at this university, working in the dining services department."
staff,"I am a staff member, working as a groundskeeper."
staff,"I am a staff member, working in the parking services office."
staff,"I am a staff member, working as a maintenance worker."
staff,"I am a staff member, working in the financial aid office."
staff,"I am a staff member, working as a human resources assistant."
staff,"I am a staff member, working in the accounting department."
staff,"I am a staff member, working as a payroll specialist."
staff,"I am a member of the faculty at this university, serving as a lecturer."
staff,I am employed as a lecturer at this university.
staff,I am a lecturer in the department of computer science at this university.
staff,"I am a professor at this university, currently teaching as a lecturer."
staff,I am a full-time lecturer at this university.
staff,"I am a lecturer at this institution, teaching in the field of computer science ."
staff,"I am a teacher at this university, serving as a lecturer."
staff,"I am a lecturer at this university, and have been for several years."
staff,"I am part of the academic staff at this university, as a lecturer."
staff,I am a lecturer and researcher at this university.
staff,"I am a lecturer at this university, currently teaching in the program of computer science ."
staff,"I am a professor at this university, and also a lecturer."
staff,"I am a lecturer of this university, teaching in the department of computer science ."
staff,"I am a teacher at this university, and a lecturer in the department of computer science ."
staff,"I am a lecturer at this university, currently teaching in the field of computer science ."
staff,I am a professor and lecturer at this university.
staff,I am a lecturer and advisor at this university.
staff,I am a lecturer and mentor at this university.
staff,"I am a lecturer at this university, and I am also involved in research."
staff,I am a lecturer and member of the academic community at this university.
staff,I am currently employed in this faculty as a professor.
staff,"I am a member of the staff in this faculty, working as a researcher."
staff,I am a part of the team in this faculty as a department head.
staff,I am working as a lab technician in this faculty.
staff,I am associated with this faculty as a lecturer.
staff,I am based in this faculty as a lab manager.
staff,"I am working in this faculty, in the computer science as a program coordinator."
staff,I am a member of the faculty in this faculty as an assistant professor.
staff,"I am an employee of this faculty, working as a research assistant."
staff,I am working in this faculty as a technical support specialist.
staff,"I am a member of the staff in this faculty, working in the computer science as a data analyst."
staff,"I am a part of the team in this faculty, working as a curriculum developer."
staff,I am working in this faculty as a clinical instructor.
staff,I am an member of the team in this faculty as a curriculum coordinator.
staff,"I am employed by this faculty, working in the orientation program as a program manager."
staff,"I am working in this faculty, as a academic advisor."
staff,"I am part of the staff in this faculty, and my main responsibilities are as a instructional designer."
staff,I am working in this faculty as an e-learning developer.
staff,"I am an employee of this faculty, working as a course developer."
staff,"I am a member of the faculty in this faculty, and I am responsible for curriculum assessment."
staff,I am currently employed in this university as a professor.
staff,"I am a member of the staff in this university, working as a researcher."
staff,I am a part of the team in this university as a Dean.
staff,I am working as a IT specialist in this university.
staff,I am associated with this university as a lecturer.
staff,I am based in this university as a financial analyst.
staff,"I am working in this university, in the international affair as a program coordinator."
staff,I am a member of the faculty in this university as an assistant professor.
staff,"I am an employee of this university, working as a research assistant."
staff,I am working in this university as a technical support specialist.
staff,"I am a member of the staff in this university, working in the international affair as a data analyst."
staff,"I am a part of the team in this university, working as a human resources manager."
staff,I am working in this university as a clinical instructor.
staff,I am an member of the team in this university as a event planner.
staff,"I am employed by this university, working in the graduation festival as a procurement officer."
staff,"I am working in this university, as a academic advisor."
staff,"I am part of the staff in this university, and my main responsibilities are as a marketing coordinator."
staff,I am working in this university as a web developer.
staff,"I am an employee of this university, working as a administrative assistant."
staff,"I am a member of the faculty in this university, and I am responsible for budget management."
staff,"I am currently a member of the faculty at this university, in the department of Computer Science."
staff,"I am an educator at this university, teaching in the department of Biology."
staff,"I am a teacher at this university, in the department of History."
staff,I am a professor in the department of English at this university.
staff,"I am a full-time professor at this university, in the department of Mathematics."
staff,"I am a professor at this institution, teaching in the field of Economics."
staff,"I am a member of the academic staff at this university, in the department of Physics."
staff,"I am a professor and researcher at this university, in the department of Chemistry."
staff,"I am a professor at this university, currently teaching in the program of Engineering."
staff,"I am a full-time faculty at this university, in the department of Psychology."
staff,"I am a professor of this university, teaching in the department of Sociology."
staff,"I am a teacher at this university, and a professor in the department of Anthropology."
staff,"I am a professor at this university, currently teaching in the field of Political Science."
staff,I am a professor and advisor at this university.
staff,I am a professor and mentor at this university.
staff,"I am a professor at this university, and I am also involved in research."
staff,I am a professor and member of the academic community at this university.
staff,I am a head of the department at this university.
staff,I am a tenured professor at this university.
unknown,I do not want to tell you
unknown,you can guess
unknown,both are not
unknown,I am not a lecturer
unknown,i am not a student
unknown,neither student nor staff
unknown,not student and also not a staff
unknown,not student
unknown,not UM student
unknown,not university malaya student
unknown,not a student
unknown,no i am not a student
unknown,no i am not UM student
unknown,no i am not UM student
unknown,no i am not university malaya student
unknown,not artificial intelligence department student
unknown,not artificial intelligence student
unknown,not AI department student
unknown,not AI student
unknown,no i am not artificial intelligence department student
unknown,no i am not artificial intelligence student
unknown,not software engeneering department student
unknown,not software engeneering student
unknown,not SE department student 
unknown,not SE student
unknown,no i am not software engineering department student
unknown,no i am not software engineering student
unknown,no i am not SE department student
unknown,no i am not SE student
unknown,not multimedia department student
unknown,not multimedia student
unknown,not MM department student
unknown,not MM student
unknown,no i am not multimedia department student
unknown,no i am not multimedia student
unknown,no i am not MM department student
unknown,no i am not MM student
unknown,not information system department student
unknown,not information system student
unknown,not IS department student
unknown,not IS student
unknown,no i am not information system department student
unknown,no i am not information system student
unknown,no i am not IS department student
unknown,no i am not IS student
unknown,not computer system and network department student
unknown,not computer system and network student
unknown,not CSN department student
unknown,not CSN student
unknown,no i am not computer system and network department student
unknown,no i am not computer system and network student
unknown,no i am not CSN department student
unknown,no i am not CSN student
unknown,not data science department student
unknown,not data science student
unknown,not DS department student 
unknown,not DS student
unknown,no i am not data science department student
unknown,no i am not data science student
unknown,no i am not DS department student
unknown,no i am not DS student
unknown,I am a student but not from this university
unknown,I am a lecturer but not from this university
unknown,I am not a staff
unknown,I am not sure
unknown,I do not study in this faculty
unknown,I am a musician.
unknown,I am a writer.
unknown,I am a chef.
unknown,I am a photographer.
unknown,I am a traveler.
unknown,I am a sports fan.
unknown,I am an entrepreneur.
unknown,I am a gardener.
unknown,I am a fitness enthusiast.
unknown,I am a bookworm.
unknown,I am a collector.
unknown,I am a crafter.
unknown,I am a hiker.
unknown,I am a swimmer.
unknown,I am a runner.
unknown,I am a skier.
unknown,I am a snowboarder.
unknown,I am a surfer.
unknown,I am a scuba diver.
unknown,I am a birdwatcher.
unknown,I am a gardener.
unknown,I am a dog lover.
unknown,I am a cat person.
unknown,I am a horseback rider.
unknown,I am a motorcyclist.
unknown,I am a car enthusiast.
unknown,I am a home improvement hobbyist.
unknown,I am a DIY enthusiast.
unknown,I am a technology enthusiast.
unknown,I am a gamer.
unknown,I am a film buff.
unknown,I am a theatergoer.
unknown,I am a dance lover.
unknown,I am a art appreciator.
unknown,I am a history buff.
unknown,I am a science enthusiast.
unknown,I am a nature lover.
unknown,I am a beachcomber.
unknown,I am a camper.
unknown,I am a rock climber.
unknown,I am a mountain biker.
unknown,I am a yogi.
unknown,I am a meditation practitioner.
unknown,I am a spiritual seeker.
unknown,I am a volunteer.
unknown,I am a political activist.
unknown,I am a community leader.
unknown,I am a philanthropist.
unknown,I am a social justice advocate.
unknown,I am a human rights supporter.
unknown,I have no desire to communicate with you.
unknown,I have nothing to say to you.
unknown,I am not interested in having a conversation with you.
unknown,I have no time for this.
unknown,I do not want to interact with you.
unknown,I prefer to be left alone.
unknown,I am not in the mood for talking.
unknown,I have no interest in engaging with you.
unknown,I am not going to respond to you.
unknown,I am not going to waste my time with you.
unknown,I have no patience for this.
unknown,I do not want to hear what you have to say.
unknown,I am not going to entertain your request.
unknown,I am not interested in your opinion.
unknown,I have no desire to participate in this conversation.
unknown,I am not going to bother with you.
unknown,I am not going to listen to you.
unknown,I am not going to entertain your questions.
unknown,I am not going to waste my time on this.
unknown,I am not going to engage with you.
unknown,I am not going to give you the satisfaction of a response.
unknown,I am not going to dignify that with a response.
unknown,I have no interest in what you have to say.
unknown,I have better things to do than talk to you.
unknown,I do not have time for this nonsense.
unknown,I have no desire to continue this conversation.
unknown,I am not going to waste my breath on you.
unknown,I am not going to bother with your request.
unknown,I am not going to engage in this pointless conversation.
unknown,I am not going to waste my energy on you.
unknown,I have no interest in your request.
unknown,I am not going to entertain your ideas.
unknown,I do not want to hear your complaints.
unknown,I am not going to waste my time listening to you.
unknown,I have no desire to hear your thoughts.
unknown,I do not care about what you have to say.
unknown,I am not going to bother with your question.
unknown,I am not going to engage with your request.
unknown,I am not going to entertain your proposal.
unknown,I am not going to waste my time on this trivial matter.
unknown,I am not going to engage in this pointless discussion.
unknown,I have no interest in hearing about your problems.
unknown,I am not going to entertain your complaints.
unknown,I have better things to focus on than this conversation.
unknown,I have no desire to talk to you.
unknown,I have no interest in hearing from you.
unknown,I am not going to respond to your message.
unknown,I am not going to waste my time on this matter.
unknown,I have no interest in communicating with you.
unknown,I have no desire to continue this interaction.
unknown,"I am a student, but not enrolled at this university."
unknown,"I am currently studying, but not as a student of this university."
unknown,"I am a full-time student, but not at this university."
unknown,"I am pursuing my degree, but not at this university."
unknown,"I am a student, but not associated with this university."
unknown,"I am currently attending classes, but not as a student of this university."
unknown,"I am a student, but not a member of this university's community."
unknown,"I am pursuing my education, but not at this institution."
unknown,"I am a student, but not affiliated with this university."
unknown,"I am currently enrolled in a program, but not at this university."
unknown,"I am a student, but not at this university."
unknown,"I am currently studying, but not as a student of this institution."
unknown,"I am a student, but not a part of this university's student body."
unknown,"I am pursuing my degree, but not from this university."
unknown,"I am a student, but not currently enrolled at this university."
unknown,"I am currently attending classes, but not as a student of this institution."
unknown,"I am a student, but not based at this university."
unknown,"I am pursuing my education, but not as a student of this university."
unknown,"I am a student, but not from this university."
unknown,"I am currently enrolled in a program, but not as a student of this university."
unknown,"I am a lecturer, but not affiliated with this university."
unknown,"I am a teacher, but not at this institution."
unknown,"I am an educator, but not employed by this university."
unknown,"I am a professor, but not from this university."
unknown,"I am a instructor, but not associated with this university."
unknown,"I am a lecturer, but not a member of this university's faculty."
unknown,"I am a teacher, but not based at this university."
unknown,"I am an educator, but not currently teaching at this university."
unknown,"I am a professor, but not currently employed by this university."
unknown,"I am a instructor, but not working at this institution."
unknown,"I am a lecturer, but not associated with this university."
unknown,"I am a teacher, but not working at this university."
unknown,"I am an educator, but not working at this institution."
unknown,"I am a professor, but not working at this university."
unknown,"I am a instructor, but not working for this university."
unknown,"I am a lecturer, but not from this university."
unknown,"I am a teacher, but not currently working at this university."
unknown,"I am an educator, but not from this university."
unknown,"I am a professor, but not a member of this university's staff."
unknown,"I am a instructor, but not affiliated with this university."
unknown,I am currently visiting this university.
unknown,I am here as a guest of the university.
unknown,I am here to tour the university.
unknown,I am here to attend an event at the university.
unknown,I am here to meet with a professor or staff member at the university.
unknown,"I am not a student or staff member of this university, I am just visiting."
unknown,I am here to attend a guest lecture at the university.
unknown,I am here to explore the university's facilities.
unknown,I am here to meet with a current student at the university.
unknown,I am here to attend an open house event at the university.
unknown,I am here to visit the university's library.
unknown,I am here to attend a conference at the university.
unknown,I am here to meet with the admissions department at the university.
unknown,I am here to visit the university's museums and galleries.
unknown,I am here to attend a workshop at the university.
unknown,I am here to visit the university's sports facilities.
unknown,I am here to meet with the career services department at the university.
unknown,I am here to visit the university's student center.
unknown,I am here to meet with a potential research collaborator at the university.
unknown,I am here to attend a performance or exhibition at the university.
unknown,I am not affiliated with this institution as a student.
unknown,I am not enrolled at this university.
unknown,I am not a member of the student body at this university.
unknown,I am not a learner at this university.
unknown,I am not a student of this university.
unknown,I am not a scholar at this university.
unknown,I am not a member of the student population at this university.
unknown,I am not a student pursuing education at this university.
unknown,I am not a student of this university seeking a degree.
unknown,I am not a student at this university studying a particular course.
unknown,I am not a student of this university in a specific program.
unknown,I am not a student at this university taking classes.
unknown,I am a cat.
unknown,I am a robot.
unknown,I am a car.
unknown,I am a book.
unknown,I am a computer program.
unknown,I am a language model.
unknown,I am an AI.
unknown,I am an alien.
unknown,I am a ghost.
unknown,I am a tree.
unknown,I am a bird.
unknown,I am the sky.
unknown,I am the ocean.
unknown,I am the sun.
unknown,I am the moon.
unknown,I am a painting.
unknown,I am a sculpture.
unknown,I am a photograph.
unknown,I am a song.
unknown,I am a movie.
unknown,I am a building.
unknown,I am a train.
unknown,I am a plane.
unknown,I am a boat.
unknown,I am a bicycle.
unknown,I am a car.
unknown,I am not a member of the teaching staff at this institution.
unknown,I am not an instructor at this university.
unknown,I am not a professor at this university.
unknown,I am not an educator at this university.
unknown,I am not a faculty member at this university.
unknown,I am not a teacher at this university.
unknown,I am not a mentor at this university.
unknown,I am not a professor of this university
unknown,I am not affiliated with this university as a lecturer.
unknown,I am not part of the teaching faculty at this university.
unknown,I am not a member of the academic staff at this university.
unknown,I am not a lecturer of this university.
unknown,I am not a tutor of this university.
unknown,I am not a professor of this university's department.
unknown,I am not an educator of this university's program.
unknown,I am not a instructor of this university's course.
unknown,I am not a lecturing member of this university's faculty.
unknown,I am not a teacher of this university's students.
unknown,I am not a mentor of this university's scholars.
unknown,I am not a lecturer from this university.
unknown,I have no knowledge on that topic.
unknown,I am not informed on that subject.
unknown,I am unaware of that information.
unknown,I don't have an answer for that.
unknown,I am not familiar with that.
unknown,That is not something I know.
unknown,I am not knowledgeable about that.
unknown,I am not able to give you an answer.
unknown,I am not able to provide you with information.
unknown,I am not able to help you with that question.
unknown,i am a computer science student but not from this faculty.
unknown,I am a computer science learner but not from this university
unknown,I am an IT student but not from this faculty
unknown,I am a computer science lecturer but not from this faculty.
unknown,I am a computer science tutor but not from this university.
unknown,I am an IT student but not from this faculty.
